symbol,total_score,grade,vetoed,veto_reason,score_volume,score_stochrsi,score_fib,score_sr,score_pattern,price,entry,stop_loss,tp1,tp2,rr_tp1,rr_tp2,position_size_usd,sl_pct,vol_ratio,stochrsi_k,stochrsi_htf,fib_retr,trend,pattern,dist_to_resistance_pct,vol_24h_usd,change_24h,tradingview
NEARUSDT,60,B,True,R:R ke TP1 hanya 1:1.65 (min 1:2.0),15,7,8,20,10,1.922,1.8065689999999999,1.65164274,2.0620000000000003,2.5233619999999997,1.65,4.63,1749.12,-8.58,0.86,53.2,42.9,0.369,uptrend,Double Bottom,7.28,25801203.7582,4.352,https://www.tradingview.com/chart/?symbol=BINANCE:NEARUSDT
DASHUSDT,60,B,False,,20,3,5,20,12,44.89,37.51006,32.716767600000004,47.169999999999995,66.42999999999999,2.02,6.03,1173.83,-12.78,2.1,70.5,98.1,0.184,range,Bull Flag,5.08,23897179.19399,8.85,https://www.tradingview.com/chart/?symbol=BINANCE:DASHUSDT
XRPUSDT,58,C,True,R:R ke TP1 hanya 1:1.05 (min 1:2.0),15,3,8,20,12,1.3798,1.3009416999999999,1.127542482,1.4833500000000002,2.1409666,1.05,4.84,1125.39,-13.33,0.57,52.2,85.8,0.449,range,Bull Flag,7.5,126532460.99017,2.136,https://www.tradingview.com/chart/?symbol=BINANCE:XRPUSDT
DOGEUSDT,57,C,True,R:R ke TP1 hanya 1:0.95 (min 1:2.0),15,3,15,12,12,0.08285,0.08285,0.0781893,0.08729166666666666,0.12591,0.95,9.24,2666.44,-5.63,0.59,24.8,79.2,0.542,range,Bull Flag,5.36,36189213.23441,1.011,https://www.tradingview.com/chart/?symbol=BINANCE:DOGEUSDT
TRXUSDT,55,C,True,R:R ke TP1 hanya 1:1.85 (min 1:2.0),8,20,8,12,7,0.3326,0.3326,0.323671,0.3491,0.3745492,1.85,4.7,5587.41,-2.68,1.08,11.3,33.8,0.447,uptrend,Double Bottom,4.96,34505390.1806,-1.071,https://www.tradingview.com/chart/?symbol=BINANCE:TRXUSDT
0GUSDT,49,C,False,,25,3,5,6,10,0.2253,0.1829665,0.15720309000000002,0.556,0.30831699999999995,14.48,4.87,1065.27,-14.08,10.32,77.1,88.0,0.162,range,Double Bottom,146.78,26559854.410396,43.809,https://www.tradingview.com/chart/?symbol=BINANCE:0GUSDT
LINKUSDT,48,C,True,R:R ke TP1 hanya 1:1.67 (min 1:2.0),15,10,5,6,12,11.325,9.476184,8.11754064,11.742250000000002,16.095632,1.67,4.87,1046.21,-14.34,0.95,2.7,94.8,0.23,uptrend,Bull Flag,3.68,35560794.54364,2.271,https://www.tradingview.com/chart/?symbol=BINANCE:LINKUSDT
PEPEUSDT,44,C,True,R:R ke TP1 hanya 1:1.8 (min 1:2.0),15,3,8,6,12,3.55e-06,3.25753e-06,3.0535e-06,3.625e-06,5.999940000000001e-06,1.8,13.44,2394.89,-6.26,0.74,42.7,81.1,0.433,range,Bull Flag,2.11,25752605.10714864,3.79,https://www.tradingview.com/chart/?symbol=BINANCE:PEPEUSDT
UNIUSDT,43,C,True,StochRSI: Stoch RSI sudah overbought (95) - telat,20,0,5,6,12,5.232,3.716616,3.1234349999999997,5.5573999999999995,7.454768,3.1,6.3,939.84,-15.96,1.24,95.4,100.0,0.082,range,Bull Flag,6.22,38841176.55975,2.038,https://www.tradingview.com/chart/?symbol=BINANCE:UNIUSDT
HEMIUSDT,43,C,True,StochRSI: Stoch RSI sudah overbought (85) - telat; R:R ke TP1 hanya 1:1.34 (min 1:2.0),20,0,5,6,12,0.01598,0.01000201,0.005452633434036977,0.01609,0.02602098,1.34,3.52,329.78,-45.48,1.26,85.2,100.0,0.12,uptrend,Bull Flag,0.69,29045111.884583,5.479,https://www.tradingview.com/chart/?symbol=BINANCE:HEMIUSDT
ETHUSDT,42,C,False,,8,3,5,20,6,2467.65,1973.51485,1825.8156999999999,2534.92,3222.1353000000004,3.8,8.45,2004.26,-7.48,0.84,40.9,98.0,0.093,uptrend,Double Bottom,2.73,599328248.411564,2.019,https://www.tradingview.com/chart/?symbol=BINANCE:ETHUSDT
TRUMPUSDT,41,C,True,R:R ke TP1 hanya 1:1.08 (min 1:2.0),5,3,15,6,12,2.426,2.426,1.792390715070877,3.109,5.348000000000001,1.08,4.61,574.33,-26.12,0.53,57.9,94.2,0.542,range,Bull Flag,28.15,24079652.306508,0.628,https://www.tradingview.com/chart/?symbol=BINANCE:TRUMPUSDT
BTCUSDT,39,C,True,R:R ke TP1 hanya 1:1.97 (min 1:2.0),8,3,5,12,11,78581.29,68242.48788,62238.7532448,80042.83,96112.29423999999,1.97,4.64,1705.0,-8.8,0.87,54.7,99.9,0.122,range,Ascending Triangle,1.86,1176219035.002239,1.127,https://www.tradingview.com/chart/?symbol=BINANCE:BTCUSDT
ARBUSDT,39,C,False,,20,8,5,6,0,0.1094,0.08787539999999999,0.07814228399999999,0.11276666666666668,0.1342492,2.56,4.76,1354.27,-11.08,2.98,45.3,88.3,0.013,range,,3.08,29742959.85157,38.19,https://www.tradingview.com/chart/?symbol=BINANCE:ARBUSDT
SUIUSDT,38,C,True,R:R ke TP1 hanya 1:1.86 (min 1:2.0),8,12,12,6,0,0.727,0.727,0.6965445959999998,0.7835000000000001,1.1508947999999999,1.86,13.92,3580.65,-4.19,1.08,34.1,70.3,0.712,range,,7.77,42342965.26812,2.379,https://www.tradingview.com/chart/?symbol=BINANCE:SUIUSDT
BNBUSDT,37,C,False,,5,3,5,12,12,691.44,620.52403,591.0,729.7814285714286,842.7769400000001,3.7,7.53,3152.64,-4.76,0.62,33.7,93.5,0.183,uptrend,Bull Flag,5.55,60809529.20147,1.075,https://www.tradingview.com/chart/?symbol=BINANCE:BNBUSDT
PUMPUSDT,34,C,True,R:R ke TP1 hanya 1:1.85 (min 1:2.0),8,3,5,6,12,0.004453,0.0030455359999999997,0.0020682441991161805,0.0048525,0.008101928,1.85,5.17,467.45,-32.09,0.82,11.7,87.7,0.231,uptrend,Bull Flag,8.97,31137390.900131,2.648,https://www.tradingview.com/chart/?symbol=BINANCE:PUMPUSDT
ENAUSDT,34,C,False,,5,3,8,6,12,0.1495,0.12282000000000001,0.09195899301471219,0.2489,0.26406,4.09,4.58,596.97,-25.13,0.51,48.8,90.8,0.337,uptrend,Bull Flag,66.49,24207155.055282,1.687,https://www.tradingview.com/chart/?symbol=BINANCE:ENAUSDT
RLUSDUSDT,33,C,True,Fibonacci: struktur swing tidak jelas - tidak bisa tarik Fibonacci; R:R ke TP1 hanya 1:0.0 (min 1:2.0),8,3,0,15,7,1.0005,1.0005,0.985394,1.000532142857143,1.0458179999999997,0.0,3.0,9934.79,-1.51,1.31,77.8,11.0,,downtrend,Double Bottom,0.0,95673388.1136,-0.01,https://www.tradingview.com/chart/?symbol=BINANCE:RLUSDUSDT
ZECUSDT,32,C,False,,8,3,5,6,10,848.1,531.58825,458.98045,1061.974,1282.8085,7.3,10.35,1098.2,-13.66,1.01,59.4,96.4,0.063,uptrend,Double Bottom,,168864076.29075,2.281,https://www.tradingview.com/chart/?symbol=BINANCE:ZECUSDT
SOLUSDT,31,C,False,,5,3,5,6,12,103.06,82.38727,72.98849999999999,104.295,141.79046,2.33,6.32,1314.86,-11.41,0.73,51.7,100.0,0.149,range,Bull Flag,1.2,217810669.51253,1.266,https://www.tradingview.com/chart/?symbol=BINANCE:SOLUSDT
BMTUSDT,26,C,False,,8,3,9,6,0,0.02006,0.02006,0.017697596399999998,0.029150000000000002,0.06384332000000001,3.85,18.53,1273.7,-11.78,5.75,35.4,57.7,0.719,range,,45.31,105030026.615823,-4.917,https://www.tradingview.com/chart/?symbol=BINANCE:BMTUSDT
UUSDT,18,C,True,Fibonacci: struktur swing tidak jelas - tidak bisa tarik Fibonacci; R:R ke TP1 hanya 1:0.05 (min 1:2.0),8,3,0,0,7,0.9998,0.9998,0.984212,1.000656,1.046564,0.05,3.0,9620.86,-1.56,1.01,70.6,5.2,,downtrend,Double Bottom,0.09,27376849.4544,0.0,https://www.tradingview.com/chart/?symbol=BINANCE:UUSDT
